{
  "benchmark": "terminal-pipeline",
  "label": "vscode-1.4.121-era",
  "timestamp": "2026-07-03T20:17:14.495Z",
  "terminal": {
    "program": "vscode",
    "version": "3.9.16",
    "term": "xterm-256color",
    "cols": 91,
    "rows": 31,
    "tty": true
  },
  "machine": {
    "platform": "darwin",
    "arch": "arm64",
    "cpu": "Apple M4",
    "release": "25.2.0",
    "node": "v26.0.0"
  },
  "config": {
    "sizeMb": 10,
    "iterations": 5,
    "dsrCount": 200
  },
  "dsrIdle": {
    "count": 200,
    "p50": 7.004625000000033,
    "p90": 7.78366699999998,
    "p99": 14.745250000000397,
    "max": 16.20970800000009,
    "timeouts": 0
  },
  "throughput": [
    {
      "fixture": "ascii-log",
      "fixtureBytes": 10485767,
      "wallMs": {
        "count": 5,
        "p50": 1114.0425409999998,
        "p90": 1135.616083,
        "p99": 1135.616083,
        "max": 1135.616083
      },
      "mbPerSec": {
        "count": 5,
        "p50": 8.976323890417948,
        "p90": 9.17852838524113,
        "p99": 9.17852838524113,
        "max": 9.17852838524113
      }
    },
    {
      "fixture": "cjk-emoji",
      "fixtureBytes": 10485782,
      "wallMs": {
        "count": 5,
        "p50": 884.9254999999994,
        "p90": 936.1878749999996,
        "p99": 936.1878749999996,
        "max": 936.1878749999996
      },
      "mbPerSec": {
        "count": 5,
        "p50": 11.300410012859803,
        "p90": 13.248065106709598,
        "p99": 13.248065106709598,
        "max": 13.248065106709598
      }
    },
    {
      "fixture": "agent-tui",
      "fixtureBytes": 10486010,
      "wallMs": {
        "count": 5,
        "p50": 851.7975839999999,
        "p90": 882.9034170000014,
        "p99": 882.9034170000014,
        "max": 882.9034170000014
      },
      "mbPerSec": {
        "count": 5,
        "p50": 11.74015823292016,
        "p90": 11.934587392159806,
        "p99": 11.934587392159806,
        "max": 11.934587392159806
      }
    },
    {
      "fixture": "styles-stress",
      "fixtureBytes": 10485774,
      "wallMs": {
        "count": 5,
        "p50": 4919.174958,
        "p90": 5186.167792,
        "p99": 5186.167792,
        "max": 5186.167792
      },
      "mbPerSec": {
        "count": 5,
        "p50": 2.0328639328384774,
        "p90": 2.0547078806834653,
        "p99": 2.0547078806834653,
        "max": 2.0547078806834653
      }
    }
  ],
  "dsrUnderLoad": {
    "paceBytesPerSec": 1048576,
    "count": 50,
    "p50": 7.176874999997381,
    "p90": 11.226500000004307,
    "p99": 43.379000000000815,
    "max": 43.379000000000815,
    "timeouts": 0
  }
}
